ID;Title;URI;Erfasst
1667652XX;Technische Ausbildungsleitung Standort Hannover (m/w/divers);https://www.continental-jobs.com/index.php?ac=jobad&id=1667652&jobId=202004BR;2021-11-29
1596624XX;Specialist Talent Management & Organization Development (m/w/divers);https://www.continental-jobs.com/index.php?ac=jobad&id=1596624&jobId=193774BR;2021-11-29
1643936XX;Specialist Labor Operational Excellence Management (m/f/diverse);https://www.continental-jobs.com/index.php?ac=jobad&id=1643936&jobId=197226BR;2021-11-29
1654413XX;Senior Specialist Talent Mgmt&Organizational Development (m/f/diverse);https://www.continental-jobs.com/index.php?ac=jobad&id=1654413&jobId=203192BR;2021-11-29
1650131XX;Recruiting Specialist (m/w/divers) - befristet für 2 Jahre;https://www.continental-jobs.com/index.php?ac=jobad&id=1650131&jobId=201970BR;2021-11-29
1642676XX;IT-Koordinator des Konzernbetriebsrats (m/w/divers);https://www.continental-jobs.com/index.php?ac=jobad&id=1642676&jobId=184812BR;2021-11-29
1672066XX;Working Student - Talent Management (m/f/diverse);https://www.continental-jobs.com/index.php?ac=jobad&id=1672066&jobId=189075BR;2021-12-15
1674940XX;Specialist Sustainability Carbon & Lifecycle Accounting (m/f/diverse);https://www.continental-jobs.com/index.php?ac=jobad&id=1674940&jobId=202467BR;2021-12-15
1678131XX;Specialist Sustainability Accounting & Reporting (m/w/divers);https://www.continental-jobs.com/index.php?ac=jobad&id=1678131&jobId=202465BR;2021-12-15
1676572XX;Payroll Administrator/Manager Entgeltabrechnung (m/w/divers) befristet;https://www.continental-jobs.com/index.php?ac=jobad&id=1676572&jobId=206480BR;2021-12-15
1674941XX;Manager Customer Sustainability Requirements Framework (m/f/diverse);https://www.continental-jobs.com/index.php?ac=jobad&id=1674941&jobId=202468BR;2021-12-15
1643936XX;Labor Operational Excellence Manager (m/f/diverse);https://www.continental-jobs.com/index.php?ac=jobad&id=1643936&jobId=197226BR;2021-12-15
1689899XX;TMOD HR Group Functions (Program Specialist) (m/f/diverse) in TZ 50%;https://www.continental-jobs.com/index.php?ac=jobad&id=1689899&jobId=204449BR;2022-01-05
1685184XX;Mediengestalter für HR Kommunikation (m/w/divers);https://www.continental-jobs.com/index.php?ac=jobad&id=1685184&jobId=206044BR;2022-01-05
190049BR;Data Analyst Schwerpunkt Pricing bei Vergölst (m/w/divers);https://www.continental-jobs.com/index.php?ac=jobad&id=1640445&jobId=190049BR;2022-01-13
207329BR;HR Business Partner (m/w/divers);https://www.continental-jobs.com/index.php?ac=jobad&id=1703780&jobId=207329BR;2022-01-13
196783BR;Consultant - Continental Business Consulting (m/f/diverse);https://www.continental-jobs.com/index.php?ac=jobad&id=1655967&jobId=196783BR;2022-01-13
197518BR;IT Consultant - R&D Planning Processes (m/f/diverse);https://www.continental-jobs.com/index.php?ac=jobad&id=1618126&jobId=197518BR;2022-01-13
196145BR;S/4 IT Functional SD / TM Consultant (m/f/diverse);https://www.continental-jobs.com/index.php?ac=jobad&id=1630028&jobId=196145BR;2022-01-13
204449BR;TMOD HR Group Functions (Program Specialist) (m/f/diverse) in TZ 50%;https://www.continental-jobs.com/index.php?ac=jobad&id=1689899&jobId=204449BR;2022-01-13
194727BR;Engineer  Automation technology (m/f/diverse);https://www.continental-jobs.com/index.php?ac=jobad&id=1691366&jobId=194727BR;2022-01-13
191324BR;Engineer Automation Technology (m/f/diverse);https://www.continental-jobs.com/index.php?ac=jobad&id=1651734&jobId=191324BR;2022-01-13
199316BR;Data Scientist (m/f/diverse);https://www.continental-jobs.com/index.php?ac=jobad&id=1643938&jobId=199316BR;2022-01-13
193577BR;Software Engineer for Automation and Control Engineering (m/f/diverse);https://www.continental-jobs.com/index.php?ac=jobad&id=1594500&jobId=193577BR;2022-01-13
198748BR;IT Consultant - Digital Workflows (m/f/diverse);https://www.continental-jobs.com/index.php?ac=jobad&id=1679546&jobId=198748BR;2022-01-13
205122BR;IT Communications Manager and Project Consultant (m/f/diverse);https://www.continental-jobs.com/index.php?ac=jobad&id=1702445&jobId=205122BR;2022-01-13
205170BR;Group Internal IT Auditor (m/f/diverse);https://www.continental-jobs.com/index.php?ac=jobad&id=1676566&jobId=205170BR;2022-01-13
205107BR;Audit Case Manager (m/f/diverse);https://www.continental-jobs.com/index.php?ac=jobad&id=1676565&jobId=205107BR;2022-01-13
190663BR;FleetFox Product Owner (m/f/diverse) - limited until 31.12.2022;https://www.continental-jobs.com/index.php?ac=jobad&id=1642677&jobId=190663BR;2022-01-13
194717BR;Business Architect Fleet Solutions (m/f/diverse);https://www.continental-jobs.com/index.php?ac=jobad&id=1616728&jobId=194717BR;2022-01-13
185115BR;Electrical Project Engineer - Extrusion and Calendering (m/f/diverse);https://www.continental-jobs.com/index.php?ac=jobad&id=1590947&jobId=185115BR;2022-01-13
206480BR;Payroll Administrator/Manager Entgeltabrechnung (m/w/divers) befristet;https://www.continental-jobs.com/index.php?ac=jobad&id=1676572&jobId=206480BR;2022-01-13
197226BR;Labor Operational Excellence Manager (m/f/diverse);https://www.continental-jobs.com/index.php?ac=jobad&id=1643936&jobId=197226BR;2022-01-13
195119BR;IT CPQ / CRM Solution Architect (m/f/diverse);https://www.continental-jobs.com/index.php?ac=jobad&id=1634049&jobId=195119BR;2022-01-13
197931BR;Global Product Information Manager (PIM) (m/f/diverse);https://www.continental-jobs.com/index.php?ac=jobad&id=1628423&jobId=197931BR;2022-01-13
196580BR;Mechanical Development and Design Engineer (m/f/diverse);https://www.continental-jobs.com/index.php?ac=jobad&id=1618123&jobId=196580BR;2022-01-13
198158BR;Customer Experience Manager EMEA (m/f/diverse);https://www.continental-jobs.com/index.php?ac=jobad&id=1657017&jobId=198158BR;2022-01-13
195501BR;IT Architect, Salesforce Application Developer (m/f/diverse);https://www.continental-jobs.com/index.php?ac=jobad&id=1645203&jobId=195501BR;2022-01-13
202467BR;Specialist Sustainability Carbon & Lifecycle Accounting (m/f/diverse);https://www.continental-jobs.com/index.php?ac=jobad&id=1674940&jobId=202467BR;2022-01-13
